{
    "Model Performance Metrics": {
        "Train RMSE": "$63.18",
        "Test RMSE": "$73.80",
        "Train MAE": "$13.81",
        "Test MAE": "$17.30",
        "Train R\u00b2": "0.9111",
        "Test R\u00b2": "0.8764"
    },
    "Best Parameters": {
        "bootstrap": true,
        "max_depth": 20,
        "max_features": "sqrt",
        "max_samples": 0.8,
        "min_samples_leaf": 5,
        "min_samples_split": 7,
        "n_estimators": 342
    },
    "Price Range Analysis": {
        "Training": {
            "mae": {
                "range_0": 2.2629151904388496,
                "range_1": 3.6739959148338737,
                "range_2": 5.427952850595344,
                "range_3": 8.46303244271998,
                "range_4": 49.48867062059032
            },
            "rmse": {
                "range_0": 4.128138990485668,
                "range_1": 6.00645288178111,
                "range_2": 8.470105485647178,
                "range_3": 12.66897492898641,
                "range_4": 140.54718772867977
            },
            "r2": {
                "range_0": 0.8894089071071143,
                "range_1": 0.7087459030712355,
                "range_2": 0.7147092197686429,
                "range_3": 0.8261416156135484,
                "range_4": 0.8001207665599019
            },
            "range": {
                "range_0": "$6-75",
                "range_1": "$75-115",
                "range_2": "$115-170",
                "range_3": "$170-276",
                "range_4": "$276-3078"
            }
        },
        "Testing": {
            "mae": {
                "range_0": 3.215975790057539,
                "range_1": 4.71221666868961,
                "range_2": 7.147090629288764,
                "range_3": 12.196544942675118,
                "range_4": 59.346971563506436
            },
            "rmse": {
                "range_0": 5.78413653144278,
                "range_1": 7.653917168389295,
                "range_2": 11.007171183755176,
                "range_3": 18.489342365578622,
                "range_4": 163.4741564240284
            },
            "r2": {
                "range_0": 0.77600325845373,
                "range_1": 0.5250192566319398,
                "range_2": 0.5183572916628529,
                "range_3": 0.5844507191221183,
                "range_4": 0.7258383949123683
            },
            "range": {
                "range_0": "$18-76",
                "range_1": "$76-116",
                "range_2": "$116-170",
                "range_3": "$170-270",
                "range_4": "$270-3143"
            }
        }
    }
}