{
    "Model Performance Metrics": {
        "Train RMSE": "$63.18",
        "Test RMSE": "$73.80",
        "Train MAE": "$13.81",
        "Test MAE": "$17.30",
        "Train R\u00b2": "0.9111",
        "Test R\u00b2": "0.8764"
    },
    "Best Parameters": {
        "bootstrap": true,
        "max_depth": 20,
        "max_features": "sqrt",
        "max_samples": 0.8,
        "min_samples_leaf": 5,
        "min_samples_split": 7,
        "n_estimators": 342
    },
    "Price Range Analysis": {
        "Training": {
            "mae": {
                "range_0": 2.2629151904388496,
                "range_1": 3.673995914833874,
                "range_2": 5.427952850595344,
                "range_3": 8.46303244271998,
                "range_4": 49.488670620590334
            },
            "rmse": {
                "range_0": 4.128138990485667,
                "range_1": 6.00645288178111,
                "range_2": 8.470105485647178,
                "range_3": 12.668974928986414,
                "range_4": 140.5471877286798
            },
            "r2": {
                "range_0": 0.8894089071071144,
                "range_1": 0.7087459030712355,
                "range_2": 0.7147092197686429,
                "range_3": 0.8261416156135483,
                "range_4": 0.8001207665599018
            },
            "range": {
                "range_0": "$6-75",
                "range_1": "$75-115",
                "range_2": "$115-170",
                "range_3": "$170-276",
                "range_4": "$276-3078"
            }
        },
        "Testing": {
            "mae": {
                "range_0": 3.2159757900575405,
                "range_1": 4.712216668689609,
                "range_2": 7.1470906292887655,
                "range_3": 12.196544942675112,
                "range_4": 59.346971563506436
            },
            "rmse": {
                "range_0": 5.784136531442782,
                "range_1": 7.6539171683892935,
                "range_2": 11.007171183755174,
                "range_3": 18.489342365578608,
                "range_4": 163.4741564240284
            },
            "r2": {
                "range_0": 0.7760032584537297,
                "range_1": 0.52501925663194,
                "range_2": 0.5183572916628532,
                "range_3": 0.584450719122119,
                "range_4": 0.7258383949123682
            },
            "range": {
                "range_0": "$18-76",
                "range_1": "$76-116",
                "range_2": "$116-170",
                "range_3": "$170-270",
                "range_4": "$270-3143"
            }
        }
    }
}