{
    "metrics": {
        "rmse": 97.16312188338213,
        "mae": 11.650397802856299,
        "r2": 0.8346147909160964
    }
}