{
    "metrics": {
        "rmse": 97.1631218833822,
        "mae": 11.6503978028563,
        "r2": 0.8346147909160961
    }
}